schema_version	rds_id	source_rds	projid	nuclei	fine_cell_types	raw_counts	xist_counts	uty_counts	xist_cpm	uty_cpm
rds_donor_inventory_v1	oligodendrocytes	data/processed/Oligodendrocytes.rds	01211411	939	1	842031	0	171	0	203.080409153582
rds_donor_inventory_v1	oligodendrocytes	data/processed/Oligodendrocytes.rds	02899847	332	1	318972	0	82	0	257.075856188004
rds_donor_inventory_v1	oligodendrocytes	data/processed/Oligodendrocytes.rds	03713990	1315	1	6232686	7	2163	1.12311128781395	347.041387934512
rds_donor_inventory_v1	oligodendrocytes	data/processed/Oligodendrocytes.rds	03889845	732	1	2296550	2722	1	1185.2561450872	0.435435762339161
rds_donor_inventory_v1	oligodendrocytes	data/processed/Oligodendrocytes.rds	06107196	1036	1	5276010	1	2372	0.189537169186563	449.582165310528
rds_donor_inventory_v1	oligodendrocytes	data/processed/Oligodendrocytes.rds	06804844	725	1	571048	0	198	0	346.730922794581
rds_donor_inventory_v1	oligodendrocytes	data/processed/Oligodendrocytes.rds	07253015	821	1	4148566	4554	4	1097.72870914914	0.964188589502975
rds_donor_inventory_v1	oligodendrocytes	data/processed/Oligodendrocytes.rds	07265221	1113	1	4054855	7499	2	1849.38795591951	0.493235886363384
rds_donor_inventory_v1	oligodendrocytes	data/processed/Oligodendrocytes.rds	07311370	1033	1	5601577	17	1995	3.03485964755996	356.149705698949
rds_donor_inventory_v1	oligodendrocytes	data/processed/Oligodendrocytes.rds	08109170	1736	1	5290881	5593	2	1057.10183237914	0.378008879806596
rds_donor_inventory_v1	oligodendrocytes	data/processed/Oligodendrocytes.rds	08132197	1022	1	3958330	5774	2	1458.69596521765	0.50526358337986
rds_donor_inventory_v1	oligodendrocytes	data/processed/Oligodendrocytes.rds	09650662	278	1	1540069	1871	0	1214.88063197168	0
rds_donor_inventory_v1	oligodendrocytes	data/processed/Oligodendrocytes.rds	09841821	1696	1	7834480	4	2313	0.510563560057592	295.233378603302
rds_donor_inventory_v1	oligodendrocytes	data/processed/Oligodendrocytes.rds	10100574	1221	1	3068556	21	990	6.84360982820584	322.627320472561
rds_donor_inventory_v1	oligodendrocytes	data/processed/Oligodendrocytes.rds	10100862	1428	1	5135618	2	1923	0.38943706482842	374.443737832526
rds_donor_inventory_v1	oligodendrocytes	data/processed/Oligodendrocytes.rds	10101291	227	1	455943	1	128	2.193256613217	280.736846491776
rds_donor_inventory_v1	oligodendrocytes	data/processed/Oligodendrocytes.rds	10101327	452	1	723103	0	153	0	211.588114003123
rds_donor_inventory_v1	oligodendrocytes	data/processed/Oligodendrocytes.rds	10101589	479	1	1329415	0	327	0	245.972852720934
rds_donor_inventory_v1	oligodendrocytes	data/processed/Oligodendrocytes.rds	10102206	131	1	170001	0	41	0	241.175051911459
rds_donor_inventory_v1	oligodendrocytes	data/processed/Oligodendrocytes.rds	10202345	749	1	3487100	0	898	0	257.520575836655
rds_donor_inventory_v1	oligodendrocytes	data/processed/Oligodendrocytes.rds	10203224	1351	1	10076409	3	3805	0.297725112190265	377.61468396132
rds_donor_inventory_v1	oligodendrocytes	data/processed/Oligodendrocytes.rds	10205244	1114	1	5107943	2	1602	0.391547047412236	313.629184977201
rds_donor_inventory_v1	oligodendrocytes	data/processed/Oligodendrocytes.rds	10222853	236	1	397386	1	110	2.516444967865	276.80894646515
rds_donor_inventory_v1	oligodendrocytes	data/processed/Oligodendrocytes.rds	10246987	175	1	353777	0	126	0	356.156561901989
rds_donor_inventory_v1	oligodendrocytes	data/processed/Oligodendrocytes.rds	10248033	530	1	631385	0	229	0	362.694710834119
rds_donor_inventory_v1	oligodendrocytes	data/processed/Oligodendrocytes.rds	10249336	2456	1	9889483	1	4651	0.101117520501324	470.29758785166
rds_donor_inventory_v1	oligodendrocytes	data/processed/Oligodendrocytes.rds	10253148	2415	1	9119970	0	3374	0	369.957357315868
rds_donor_inventory_v1	oligodendrocytes	data/processed/Oligodendrocytes.rds	10260309	300	1	490975	0	149	0	303.477773817404
rds_donor_inventory_v1	oligodendrocytes	data/processed/Oligodendrocytes.rds	10261026	206	1	194782	0	55	0	282.366953825302
rds_donor_inventory_v1	oligodendrocytes	data/processed/Oligodendrocytes.rds	10263208	1719	1	6272655	4	2182	0.63768850670091	347.859080405347
rds_donor_inventory_v1	oligodendrocytes	data/processed/Oligodendrocytes.rds	10271474	485	1	1859107	0	629	0	338.334479941176
rds_donor_inventory_v1	oligodendrocytes	data/processed/Oligodendrocytes.rds	10277308	2067	1	3308617	5204	0	1572.86261903387	0
rds_donor_inventory_v1	oligodendrocytes	data/processed/Oligodendrocytes.rds	10288185	839	1	1158135	0	305	0	263.354444861782
rds_donor_inventory_v1	oligodendrocytes	data/processed/Oligodendrocytes.rds	10290265	585	1	693138	0	152	0	219.292550689762
rds_donor_inventory_v1	oligodendrocytes	data/processed/Oligodendrocytes.rds	10290427	1131	1	4328470	0	1531	0	353.704657765908
rds_donor_inventory_v1	oligodendrocytes	data/processed/Oligodendrocytes.rds	10291856	2552	1	7043421	395	2522	56.0807028289236	358.064639327963
rds_donor_inventory_v1	oligodendrocytes	data/processed/Oligodendrocytes.rds	10292311	1496	1	5162142	0	1825	0	353.535412237788
rds_donor_inventory_v1	oligodendrocytes	data/processed/Oligodendrocytes.rds	10298957	2566	1	13615981	3	5350	0.220329332128181	392.920642295256
rds_donor_inventory_v1	oligodendrocytes	data/processed/Oligodendrocytes.rds	10300914	1058	1	4717379	1	1356	0.211982119732165	287.447754356815
rds_donor_inventory_v1	oligodendrocytes	data/processed/Oligodendrocytes.rds	10315029	3167	1	19039166	2	7653	0.105046618113419	401.960884211
rds_donor_inventory_v1	oligodendrocytes	data/processed/Oligodendrocytes.rds	10345561	617	1	1994974	1	769	0.501259665539501	385.468682799876
rds_donor_inventory_v1	oligodendrocytes	data/processed/Oligodendrocytes.rds	10383017	2608	1	7669752	1	2938	0.130382312231217	383.063233335315
rds_donor_inventory_v1	oligodendrocytes	data/processed/Oligodendrocytes.rds	10394182	560	1	1875420	0	755	0	402.576489533011
rds_donor_inventory_v1	oligodendrocytes	data/processed/Oligodendrocytes.rds	10405008	822	1	4806220	6	2120	1.24838230459696	441.095080957592
rds_donor_inventory_v1	oligodendrocytes	data/processed/Oligodendrocytes.rds	10435090	914	1	2984885	0	1054	0	353.112431467209
rds_donor_inventory_v1	oligodendrocytes	data/processed/Oligodendrocytes.rds	10436131	537	1	2269661	0	902	0	397.416178010725
rds_donor_inventory_v1	oligodendrocytes	data/processed/Oligodendrocytes.rds	10438999	4031	1	19927560	13	7022	0.652362858272664	352.376306983896
rds_donor_inventory_v1	oligodendrocytes	data/processed/Oligodendrocytes.rds	10460587	1429	1	4784668	2	1699	0.418001834192048	355.092558146145
rds_donor_inventory_v1	oligodendrocytes	data/processed/Oligodendrocytes.rds	10473384	779	1	2073425	0	682	0	328.924364276499
rds_donor_inventory_v1	oligodendrocytes	data/processed/Oligodendrocytes.rds	10484873	1608	1	3382717	0	942	0	278.474374297347
rds_donor_inventory_v1	oligodendrocytes	data/processed/Oligodendrocytes.rds	10490993	999	1	2109065	0	632	0	299.658853567813
rds_donor_inventory_v1	oligodendrocytes	data/processed/Oligodendrocytes.rds	10502798	2401	1	7973912	2	3045	0.250817917228081	381.870278979753
rds_donor_inventory_v1	oligodendrocytes	data/processed/Oligodendrocytes.rds	10510090	3382	1	20280192	11	7195	0.542401176478014	354.779678614483
rds_donor_inventory_v1	oligodendrocytes	data/processed/Oligodendrocytes.rds	10514454	925	1	1294368	0	378	0	292.034413706148
rds_donor_inventory_v1	oligodendrocytes	data/processed/Oligodendrocytes.rds	10516762	2479	1	8026093	0	2814	0	350.606453226993
rds_donor_inventory_v1	oligodendrocytes	data/processed/Oligodendrocytes.rds	10518782	1307	1	3357380	0	1121	0	333.891308103343
rds_donor_inventory_v1	oligodendrocytes	data/processed/Oligodendrocytes.rds	10536568	326	1	479224	0	127	0	265.011769026593
rds_donor_inventory_v1	oligodendrocytes	data/processed/Oligodendrocytes.rds	10551157	2477	1	15665766	3	5575	0.191500370936218	355.871522656473
rds_donor_inventory_v1	oligodendrocytes	data/processed/Oligodendrocytes.rds	10557081	2613	1	8282634	2	3194	0.241469078556411	385.626118454588
rds_donor_inventory_v1	oligodendrocytes	data/processed/Oligodendrocytes.rds	10577337	2457	1	7669971	10	4079	1.30378589436648	531.814266312089
rds_donor_inventory_v1	oligodendrocytes	data/processed/Oligodendrocytes.rds	10669174	1024	1	4486264	0	1501	0	334.576832749923
rds_donor_inventory_v1	oligodendrocytes	data/processed/Oligodendrocytes.rds	10684501	2207	1	2095547	0	510	0	243.373209954251
rds_donor_inventory_v1	oligodendrocytes	data/processed/Oligodendrocytes.rds	10866165	1363	1	8431950	5	3440	0.592982643398028	407.972058657843
rds_donor_inventory_v1	oligodendrocytes	data/processed/Oligodendrocytes.rds	10901987	1720	1	7420212	0	2734	0	368.453084628849
rds_donor_inventory_v1	oligodendrocytes	data/processed/Oligodendrocytes.rds	10929637	180	1	835773	7	344	8.37547994491327	411.595014435738
rds_donor_inventory_v1	oligodendrocytes	data/processed/Oligodendrocytes.rds	11072071	545	1	733146	0	205	0	279.616883949445
rds_donor_inventory_v1	oligodendrocytes	data/processed/Oligodendrocytes.rds	11157783	1339	1	5062222	2	1905	0.395083423840361	376.316961207944
rds_donor_inventory_v1	oligodendrocytes	data/processed/Oligodendrocytes.rds	11159965	223	1	473649	0	114	0	240.684557552111
rds_donor_inventory_v1	oligodendrocytes	data/processed/Oligodendrocytes.rds	11165535	1634	1	9963446	0	3400	0	341.247395730353
rds_donor_inventory_v1	oligodendrocytes	data/processed/Oligodendrocytes.rds	11173549	1855	1	4344635	1	1548	0.230168932488	356.301507491423
rds_donor_inventory_v1	oligodendrocytes	data/processed/Oligodendrocytes.rds	11200645	814	1	1420985	0	353	0	248.419230322628
rds_donor_inventory_v1	oligodendrocytes	data/processed/Oligodendrocytes.rds	11259716	4624	1	15314891	7	5547	0.457071486829387	362.196505348944
rds_donor_inventory_v1	oligodendrocytes	data/processed/Oligodendrocytes.rds	11302830	34	1	70640	0	12	0	169.875424688562
rds_donor_inventory_v1	oligodendrocytes	data/processed/Oligodendrocytes.rds	11310718	217	1	369620	0	157	0	424.760564904497
rds_donor_inventory_v1	oligodendrocytes	data/processed/Oligodendrocytes.rds	11310844	1825	1	7339066	0	2708	0	368.984282196127
rds_donor_inventory_v1	oligodendrocytes	data/processed/Oligodendrocytes.rds	11326252	110	1	279950	202	22	721.55742096803	78.5854616895874
rds_donor_inventory_v1	oligodendrocytes	data/processed/Oligodendrocytes.rds	11327005	2181	1	8478023	0	3198	0	377.210583174875
rds_donor_inventory_v1	oligodendrocytes	data/processed/Oligodendrocytes.rds	11331231	511	1	2177543	4	710	1.83693272647199	326.055558948779
rds_donor_inventory_v1	oligodendrocytes	data/processed/Oligodendrocytes.rds	11336574	94	1	267468	0	42	0	157.028130467944
rds_donor_inventory_v1	oligodendrocytes	data/processed/Oligodendrocytes.rds	11342432	271	1	445497	0	152	0	341.191972112046
rds_donor_inventory_v1	oligodendrocytes	data/processed/Oligodendrocytes.rds	11345331	326	1	461738	0	117	0	253.390450861744
rds_donor_inventory_v1	oligodendrocytes	data/processed/Oligodendrocytes.rds	11349119	2205	1	13935862	6	5091	0.430543873066481	365.316476296909
rds_donor_inventory_v1	oligodendrocytes	data/processed/Oligodendrocytes.rds	11371707	2019	1	7982437	1	3360	0.125275025659457	420.924086215776
rds_donor_inventory_v1	oligodendrocytes	data/processed/Oligodendrocytes.rds	11392518	576	1	1553485	0	598	0	384.940955335906
rds_donor_inventory_v1	oligodendrocytes	data/processed/Oligodendrocytes.rds	11395417	1798	1	4163034	1	1477	0.240209424184381	354.789319520331
rds_donor_inventory_v1	oligodendrocytes	data/processed/Oligodendrocytes.rds	11399321	735	1	804366	0	241	0	299.614851945507
rds_donor_inventory_v1	oligodendrocytes	data/processed/Oligodendrocytes.rds	11399871	160	1	288926	0	67	0	231.893287554599
rds_donor_inventory_v1	oligodendrocytes	data/processed/Oligodendrocytes.rds	11409232	81	1	183330	0	43	0	234.549719085802
rds_donor_inventory_v1	oligodendrocytes	data/processed/Oligodendrocytes.rds	11413170	1955	1	5180535	3	2307	0.579090769582678	445.32080180908
rds_donor_inventory_v1	oligodendrocytes	data/processed/Oligodendrocytes.rds	11430815	1247	1	4354659	0	1850	0	424.832346229636
rds_donor_inventory_v1	oligodendrocytes	data/processed/Oligodendrocytes.rds	11444465	2082	1	11252779	2	4064	0.177733873561366	361.155231076697
rds_donor_inventory_v1	oligodendrocytes	data/processed/Oligodendrocytes.rds	11453772	977	1	4434415	3	1716	0.676526666989896	386.973253518221
rds_donor_inventory_v1	oligodendrocytes	data/processed/Oligodendrocytes.rds	11455530	559	1	4351459	0	1654	0	380.102397839437
rds_donor_inventory_v1	oligodendrocytes	data/processed/Oligodendrocytes.rds	11460357	581	1	1767981	0	373	0	210.975117945272
rds_donor_inventory_v1	oligodendrocytes	data/processed/Oligodendrocytes.rds	11467746	1756	1	9608110	0	3830	0	398.62158114343
rds_donor_inventory_v1	oligodendrocytes	data/processed/Oligodendrocytes.rds	11469504	1867	1	6363908	8	2423	1.25708919739255	380.740890660267
rds_donor_inventory_v1	oligodendrocytes	data/processed/Oligodendrocytes.rds	11471260	1068	1	4461499	0	1830	0	410.176041729473
rds_donor_inventory_v1	oligodendrocytes	data/processed/Oligodendrocytes.rds	11606935	1203	1	4202114	0	1604	0	381.712633212712
rds_donor_inventory_v1	oligodendrocytes	data/processed/Oligodendrocytes.rds	11609672	315	1	541320	0	142	0	262.321732062366
rds_donor_inventory_v1	oligodendrocytes	data/processed/Oligodendrocytes.rds	11612505	1070	1	4650816	6	1649	1.29009618957189	354.561436100676
rds_donor_inventory_v1	oligodendrocytes	data/processed/Oligodendrocytes.rds	11615242	969	1	2887676	0	1077	0	372.964279926141
rds_donor_inventory_v1	oligodendrocytes	data/processed/Oligodendrocytes.rds	11616707	1217	1	6059718	0	2252	0	371.634455596779
rds_donor_inventory_v1	oligodendrocytes	data/processed/Oligodendrocytes.rds	11619606	4244	1	16794496	14	6583	0.833606438680863	391.973656131152
rds_donor_inventory_v1	oligodendrocytes	data/processed/Oligodendrocytes.rds	11624423	49	1	325897	0	87	0	266.955510483374
rds_donor_inventory_v1	oligodendrocytes	data/processed/Oligodendrocytes.rds	11630705	1304	1	8390190	3	2862	0.357560436652805	341.112656566776
rds_donor_inventory_v1	oligodendrocytes	data/processed/Oligodendrocytes.rds	11632851	3392	1	14068435	10	4792	0.710811117228036	340.620687375675
rds_donor_inventory_v1	oligodendrocytes	data/processed/Oligodendrocytes.rds	11652071	1141	1	6411593	0	3021	0	471.177755668521
rds_donor_inventory_v1	oligodendrocytes	data/processed/Oligodendrocytes.rds	11681508	2708	1	8083436	1	3879	0.123709768964584	479.870193813621
rds_donor_inventory_v1	oligodendrocytes	data/processed/Oligodendrocytes.rds	11697592	2577	1	13939065	2	5736	0.143481646724511	411.505362805898
rds_donor_inventory_v1	oligodendrocytes	data/processed/Oligodendrocytes.rds	12365619	5372	1	22265396	3	8620	0.134738227876118	387.147841430712
rds_donor_inventory_v1	oligodendrocytes	data/processed/Oligodendrocytes.rds	14184286	411	1	1115581	1438	0	1289.0144238742	0
rds_donor_inventory_v1	oligodendrocytes	data/processed/Oligodendrocytes.rds	14498577	1561	1	8807077	12906	2	1465.41241776358	0.227090100381773
rds_donor_inventory_v1	oligodendrocytes	data/processed/Oligodendrocytes.rds	15113169	1603	1	4412162	0	1456	0	329.996949341389
rds_donor_inventory_v1	oligodendrocytes	data/processed/Oligodendrocytes.rds	15114174	251	1	875444	1790	0	2044.67675830778	0
rds_donor_inventory_v1	oligodendrocytes	data/processed/Oligodendrocytes.rds	15121461	2593	1	12206192	0	4582	0	375.383248108829
rds_donor_inventory_v1	oligodendrocytes	data/processed/Oligodendrocytes.rds	15144878	85	1	411989	0	168	0	407.777877564692
rds_donor_inventory_v1	oligodendrocytes	data/processed/Oligodendrocytes.rds	15161351	489	1	1649205	0	748	0	453.55186286726
rds_donor_inventory_v1	oligodendrocytes	data/processed/Oligodendrocytes.rds	15176592	2199	1	7274931	1	3013	0.137458348402205	414.162003735843
rds_donor_inventory_v1	oligodendrocytes	data/processed/Oligodendrocytes.rds	15218541	1423	1	1312690	0	323	0	246.059618036246
rds_donor_inventory_v1	oligodendrocytes	data/processed/Oligodendrocytes.rds	15413198	1618	1	5357691	0	1750	0	326.633245552982
rds_donor_inventory_v1	oligodendrocytes	data/processed/Oligodendrocytes.rds	15420223	572	1	1263767	0	407	0	322.053036675273
rds_donor_inventory_v1	oligodendrocytes	data/processed/Oligodendrocytes.rds	15483818	1908	1	6513212	2	1914	0.307068156233821	293.864225515767
rds_donor_inventory_v1	oligodendrocytes	data/processed/Oligodendrocytes.rds	15495024	1584	1	7559741	3	2918	0.396838992235316	385.992059780884
rds_donor_inventory_v1	oligodendrocytes	data/processed/Oligodendrocytes.rds	15738428	915	1	2579997	5	1093	1.937986749597	423.643903461903
rds_donor_inventory_v1	oligodendrocytes	data/processed/Oligodendrocytes.rds	15844425	3031	1	6139734	5	2534	0.814367527974339	412.721463177395
rds_donor_inventory_v1	oligodendrocytes	data/processed/Oligodendrocytes.rds	16068769	4291	1	18028639	1	6517	0.0554673039933852	361.480420124891
rds_donor_inventory_v1	oligodendrocytes	data/processed/Oligodendrocytes.rds	17929065	2269	1	9418487	12587	5	1336.41422449275	0.530870828828452
rds_donor_inventory_v1	oligodendrocytes	data/processed/Oligodendrocytes.rds	18414513	1592	1	8385110	1	2689	0.119259019857819	320.687504397676
rds_donor_inventory_v1	oligodendrocytes	data/processed/Oligodendrocytes.rds	18659212	1597	1	5987339	3	2349	0.501057314443027	392.32787720889
rds_donor_inventory_v1	oligodendrocytes	data/processed/Oligodendrocytes.rds	18920002	1601	1	8657793	9794	6	1131.23517737142	0.693017262020471
rds_donor_inventory_v1	oligodendrocytes	data/processed/Oligodendrocytes.rds	20104101	276	1	532719	362	1	679.532736771168	1.87716225627395
rds_donor_inventory_v1	oligodendrocytes	data/processed/Oligodendrocytes.rds	20112377	349	1	616878	446	1	722.995470741378	1.62106607789547
rds_donor_inventory_v1	oligodendrocytes	data/processed/Oligodendrocytes.rds	20124321	774	1	4577264	4749	2	1037.51935654137	0.436942243226521
rds_donor_inventory_v1	oligodendrocytes	data/processed/Oligodendrocytes.rds	20139562	3604	1	13240659	16290	4	1230.30130146845	0.302099767088632
rds_donor_inventory_v1	oligodendrocytes	data/processed/Oligodendrocytes.rds	20139850	3539	1	7255845	9145	5	1260.36319684337	0.689099615551324
rds_donor_inventory_v1	oligodendrocytes	data/processed/Oligodendrocytes.rds	20143248	314	1	1512972	1112	4	734.977250074687	2.64380305782262
rds_donor_inventory_v1	oligodendrocytes	data/processed/Oligodendrocytes.rds	20147440	224	1	1029341	1049	0	1019.09862717991	0
rds_donor_inventory_v1	oligodendrocytes	data/processed/Oligodendrocytes.rds	20149910	115	1	197713	196	1	991.33592631744	5.05783635876245
rds_donor_inventory_v1	oligodendrocytes	data/processed/Oligodendrocytes.rds	20151388	6218	1	21908931	26622	4	1215.12090206501	0.182573946670424
rds_donor_inventory_v1	oligodendrocytes	data/processed/Oligodendrocytes.rds	20156469	1074	1	5656718	5541	1	979.543261658085	0.176780953195828
rds_donor_inventory_v1	oligodendrocytes	data/processed/Oligodendrocytes.rds	20170043	356	1	419698	273	0	650.467717263366	0
rds_donor_inventory_v1	oligodendrocytes	data/processed/Oligodendrocytes.rds	20173942	311	1	447534	286	1	639.057591155085	2.23446710194086
rds_donor_inventory_v1	oligodendrocytes	data/processed/Oligodendrocytes.rds	20179164	137	1	264563	197	1	744.624153793236	3.77981803955958
rds_donor_inventory_v1	oligodendrocytes	data/processed/Oligodendrocytes.rds	20195344	1065	1	5590790	5971	1	1068.00648924392	0.178865598600556
rds_donor_inventory_v1	oligodendrocytes	data/processed/Oligodendrocytes.rds	20201189	1101	1	2039887	2489	1	1220.16562682149	0.49022323295359
rds_donor_inventory_v1	oligodendrocytes	data/processed/Oligodendrocytes.rds	20201927	2047	1	9336975	10662	3	1141.91159342292	0.321303205802736
rds_donor_inventory_v1	oligodendrocytes	data/processed/Oligodendrocytes.rds	20205705	1880	1	9599523	12849	4	1338.50400691784	0.416687370820404
rds_donor_inventory_v1	oligodendrocytes	data/processed/Oligodendrocytes.rds	20207013	766	1	1223590	1321	0	1079.61000008173	0
rds_donor_inventory_v1	oligodendrocytes	data/processed/Oligodendrocytes.rds	20223617	1118	1	3794420	3885	1	1023.87189610006	0.263544889601046
rds_donor_inventory_v1	oligodendrocytes	data/processed/Oligodendrocytes.rds	20225925	71	1	219233	178	0	811.921562903395	0
rds_donor_inventory_v1	oligodendrocytes	data/processed/Oligodendrocytes.rds	20244554	1590	1	9533711	12745	3	1336.83515264937	0.314672848799381
rds_donor_inventory_v1	oligodendrocytes	data/processed/Oligodendrocytes.rds	20249897	191	1	429913	195	2	453.580142959157	4.65210403035033
rds_donor_inventory_v1	oligodendrocytes	data/processed/Oligodendrocytes.rds	20254588	3127	1	12224610	15263	10	1248.54698841108	0.818022006428017
rds_donor_inventory_v1	oligodendrocytes	data/processed/Oligodendrocytes.rds	20254740	280	1	527875	397	1	752.071986739285	1.89438787591759
rds_donor_inventory_v1	oligodendrocytes	data/processed/Oligodendrocytes.rds	20254876	2740	1	8532466	10205	23	1196.02000172049	2.69558648109468
rds_donor_inventory_v1	oligodendrocytes	data/processed/Oligodendrocytes.rds	20254902	1164	1	6774605	6311	8	931.5672279048	1.1808806565106
rds_donor_inventory_v1	oligodendrocytes	data/processed/Oligodendrocytes.rds	20261901	83	1	154574	79	0	511.082070723408	0
rds_donor_inventory_v1	oligodendrocytes	data/processed/Oligodendrocytes.rds	20263921	1802	1	10374348	14040	6	1353.33806037738	0.578349598451874
rds_donor_inventory_v1	oligodendrocytes	data/processed/Oligodendrocytes.rds	20275399	382	1	694577	675	1	971.814500048231	1.43972518525664
rds_donor_inventory_v1	oligodendrocytes	data/processed/Oligodendrocytes.rds	20282398	124	1	256745	259	0	1008.78303374944	0
rds_donor_inventory_v1	oligodendrocytes	data/processed/Oligodendrocytes.rds	20288196	4737	1	27624586	48474	8	1754.74122942512	0.289597100206316
rds_donor_inventory_v1	oligodendrocytes	data/processed/Oligodendrocytes.rds	20311676	1038	1	4033196	4731	3	1173.01514729262	0.743826979893861
rds_donor_inventory_v1	oligodendrocytes	data/processed/Oligodendrocytes.rds	20344143	2622	1	15678855	15756	10	1004.9203210311	0.637801676206585
rds_donor_inventory_v1	oligodendrocytes	data/processed/Oligodendrocytes.rds	20376029	1516	1	8711260	9922	2	1138.98563468431	0.229587912655575
rds_donor_inventory_v1	oligodendrocytes	data/processed/Oligodendrocytes.rds	20380417	835	1	2120017	1917	0	904.238032053517	0
rds_donor_inventory_v1	oligodendrocytes	data/processed/Oligodendrocytes.rds	20399274	824	1	2357117	3081	2	1307.10524763938	0.848494156208623
rds_donor_inventory_v1	oligodendrocytes	data/processed/Oligodendrocytes.rds	20416210	1175	1	2351530	3365	1	1430.98323219351	0.425255046714267
rds_donor_inventory_v1	oligodendrocytes	data/processed/Oligodendrocytes.rds	20455807	1194	1	3932686	6935	2	1763.42581126487	0.508558272895421
rds_donor_inventory_v1	oligodendrocytes	data/processed/Oligodendrocytes.rds	20487369	247	1	176894	66	0	373.104797223196	0
rds_donor_inventory_v1	oligodendrocytes	data/processed/Oligodendrocytes.rds	20500815	917	1	4320976	3899	2	902.34243374645	0.462858391252347
rds_donor_inventory_v1	oligodendrocytes	data/processed/Oligodendrocytes.rds	20504017	1930	1	8707665	9531	2	1094.55290252898	0.22968269909327
rds_donor_inventory_v1	oligodendrocytes	data/processed/Oligodendrocytes.rds	20521752	2496	1	9957463	15148	2	1521.27103058279	0.200854374251755
rds_donor_inventory_v1	oligodendrocytes	data/processed/Oligodendrocytes.rds	20532115	2004	1	12034794	17903	4	1487.60336072225	0.332369627598113
rds_donor_inventory_v1	oligodendrocytes	data/processed/Oligodendrocytes.rds	20561642	2444	1	11756572	16115	6	1370.72269025359	0.510352847751879
rds_donor_inventory_v1	oligodendrocytes	data/processed/Oligodendrocytes.rds	20569910	2494	1	11274188	21644	4	1919.78349128115	0.354792735405867
rds_donor_inventory_v1	oligodendrocytes	data/processed/Oligodendrocytes.rds	20583594	190	1	1444844	1772	0	1226.42998136823	0
rds_donor_inventory_v1	oligodendrocytes	data/processed/Oligodendrocytes.rds	20584923	1511	1	4394692	3944	1	897.446282924947	0.227547231978942
rds_donor_inventory_v1	oligodendrocytes	data/processed/Oligodendrocytes.rds	20594407	622	1	1843664	2178	7	1181.34323824732	3.79678726709422
rds_donor_inventory_v1	oligodendrocytes	data/processed/Oligodendrocytes.rds	20611993	406	1	1224611	1527	0	1246.92657505118	0
rds_donor_inventory_v1	oligodendrocytes	data/processed/Oligodendrocytes.rds	20630946	1006	1	4812109	4780	2	993.327457877617	0.415618183212392
rds_donor_inventory_v1	oligodendrocytes	data/processed/Oligodendrocytes.rds	20646778	1681	1	5149438	5178	2	1005.54662469963	0.388391898300358
rds_donor_inventory_v1	oligodendrocytes	data/processed/Oligodendrocytes.rds	20674902	1233	1	6896244	8997	2	1304.62321228773	0.2900129403774
rds_donor_inventory_v1	oligodendrocytes	data/processed/Oligodendrocytes.rds	20682204	2567	1	10698734	16871	4	1576.91554907338	0.373876011872059
rds_donor_inventory_v1	oligodendrocytes	data/processed/Oligodendrocytes.rds	20726273	1183	1	4599824	4197	1	912.42621456821	0.217399622246416
rds_donor_inventory_v1	oligodendrocytes	data/processed/Oligodendrocytes.rds	20730959	84	1	508604	505	0	992.913936972576	0
rds_donor_inventory_v1	oligodendrocytes	data/processed/Oligodendrocytes.rds	20767628	1264	1	5544497	8458	3	1525.47652203617	0.541077035482209
rds_donor_inventory_v1	oligodendrocytes	data/processed/Oligodendrocytes.rds	20774339	3742	1	22851103	35342	14	1546.62118498175	0.612661892075844
rds_donor_inventory_v1	oligodendrocytes	data/processed/Oligodendrocytes.rds	20779834	633	1	3680173	4845	1	1316.51419647935	0.271726356342487
rds_donor_inventory_v1	oligodendrocytes	data/processed/Oligodendrocytes.rds	20780035	3085	1	8674233	8505	1	980.490148235585	0.115283968046512
rds_donor_inventory_v1	oligodendrocytes	data/processed/Oligodendrocytes.rds	20798913	1028	1	3997223	3005	0	751.771917653831	0
rds_donor_inventory_v1	oligodendrocytes	data/processed/Oligodendrocytes.rds	20821943	727	1	1922098	1751	0	910.983727156472	0
rds_donor_inventory_v1	oligodendrocytes	data/processed/Oligodendrocytes.rds	20834164	2486	1	17966667	19605	1	1091.18736379986	0.0556586260545709
rds_donor_inventory_v1	oligodendrocytes	data/processed/Oligodendrocytes.rds	20875195	1220	1	5437404	6111	2	1123.88191129443	0.367822585925195
rds_donor_inventory_v1	oligodendrocytes	data/processed/Oligodendrocytes.rds	20892128	1992	1	13890252	17523	10	1261.53218818492	0.719929343254536
rds_donor_inventory_v1	oligodendrocytes	data/processed/Oligodendrocytes.rds	20898476	719	1	4989342	4824	2	966.860960824093	0.400854461369856
rds_donor_inventory_v1	oligodendrocytes	data/processed/Oligodendrocytes.rds	20904509	1126	1	4398302	5626	0	1279.12999152855	0
rds_donor_inventory_v1	oligodendrocytes	data/processed/Oligodendrocytes.rds	20906079	1133	1	3952885	4019	1	1016.72575852826	0.252979785650228
rds_donor_inventory_v1	oligodendrocytes	data/processed/Oligodendrocytes.rds	20907534	1970	1	7042256	8388	3	1191.09558073436	0.425999850048053
rds_donor_inventory_v1	oligodendrocytes	data/processed/Oligodendrocytes.rds	20929774	5295	1	15538998	29895	5	1923.86922245566	0.321771069151306
rds_donor_inventory_v1	oligodendrocytes	data/processed/Oligodendrocytes.rds	20939708	3045	1	13602775	23152	2	1702.00565693397	0.147028823162921
rds_donor_inventory_v1	oligodendrocytes	data/processed/Oligodendrocytes.rds	20942767	324	1	1124428	1572	0	1398.04416112014	0
rds_donor_inventory_v1	oligodendrocytes	data/processed/Oligodendrocytes.rds	20947550	836	1	2066815	2940	0	1422.47854791067	0
rds_donor_inventory_v1	oligodendrocytes	data/processed/Oligodendrocytes.rds	20956605	1595	1	5347225	7269	2	1359.3966964173	0.374025779726868
rds_donor_inventory_v1	oligodendrocytes	data/processed/Oligodendrocytes.rds	20956867	567	1	723926	1085	3	1498.77197393104	4.14406997400287
rds_donor_inventory_v1	oligodendrocytes	data/processed/Oligodendrocytes.rds	20963578	5808	1	17560944	25807	3	1469.56792300004	0.170833640833887
rds_donor_inventory_v1	oligodendrocytes	data/processed/Oligodendrocytes.rds	20963866	1062	1	1552305	1624	2	1046.18615542693	1.28840659535336
rds_donor_inventory_v1	oligodendrocytes	data/processed/Oligodendrocytes.rds	20970441	1843	1	9356842	11681	5	1248.39128415335	0.534368326407564
rds_donor_inventory_v1	oligodendrocytes	data/processed/Oligodendrocytes.rds	20974481	3366	1	13242281	24703	4	1865.46411452831	0.302062763960378
rds_donor_inventory_v1	oligodendrocytes	data/processed/Oligodendrocytes.rds	20976799	2711	1	8054009	12902	2	1601.93513565729	0.248323536762872
rds_donor_inventory_v1	oligodendrocytes	data/processed/Oligodendrocytes.rds	20977678	293	1	590199	228	0	386.310380058252	0
rds_donor_inventory_v1	oligodendrocytes	data/processed/Oligodendrocytes.rds	20978133	763	1	1183204	780	3	659.226980300946	2.53548838577287
rds_donor_inventory_v1	oligodendrocytes	data/processed/Oligodendrocytes.rds	20993308	453	1	301012	395	1	1312.2400435863	3.32212669262355
rds_donor_inventory_v1	oligodendrocytes	data/processed/Oligodendrocytes.rds	20996621	1804	1	5824007	8004	1	1374.31153499644	0.17170309032939
rds_donor_inventory_v1	oligodendrocytes	data/processed/Oligodendrocytes.rds	20998065	3907	1	7794059	11871	4	1523.08315859554	0.513211408843582
rds_donor_inventory_v1	oligodendrocytes	data/processed/Oligodendrocytes.rds	21001519	1379	1	6963018	8049	1	1155.96426721861	0.143615886099964
rds_donor_inventory_v1	oligodendrocytes	data/processed/Oligodendrocytes.rds	21001771	2008	1	5924083	5519	2	931.620978301621	0.337604993042805
rds_donor_inventory_v1	oligodendrocytes	data/processed/Oligodendrocytes.rds	21001933	1512	1	10789013	17091	5	1584.1115401381	0.463434421665819
rds_donor_inventory_v1	oligodendrocytes	data/processed/Oligodendrocytes.rds	21002524	1766	1	7395090	7545	2	1020.27155856115	0.270449717312433
rds_donor_inventory_v1	oligodendrocytes	data/processed/Oligodendrocytes.rds	21101658	1471	1	12551331	11457	9	912.811557594967	0.717055426233282
rds_donor_inventory_v1	oligodendrocytes	data/processed/Oligodendrocytes.rds	21112011	695	1	2143121	2007	0	936.48468751881	0
rds_donor_inventory_v1	oligodendrocytes	data/processed/Oligodendrocytes.rds	21126823	401	1	535856	469	0	875.235137798214	0
rds_donor_inventory_v1	oligodendrocytes	data/processed/Oligodendrocytes.rds	21135554	532	1	881307	907	1	1029.15329164525	1.13467838108627
rds_donor_inventory_v1	oligodendrocytes	data/processed/Oligodendrocytes.rds	21142003	652	1	1046028	938	4	896.725517863767	3.8239894151973
rds_donor_inventory_v1	oligodendrocytes	data/processed/Oligodendrocytes.rds	21156815	462	1	1681490	2194	0	1304.79515191883	0
rds_donor_inventory_v1	oligodendrocytes	data/processed/Oligodendrocytes.rds	21159840	73	1	90987	37	0	406.651499664787	0
rds_donor_inventory_v1	oligodendrocytes	data/processed/Oligodendrocytes.rds	21171080	1252	1	3724496	2593	1	696.201580025861	0.268492703442291
rds_donor_inventory_v1	oligodendrocytes	data/processed/Oligodendrocytes.rds	21172121	125	1	239649	160	0	667.643094692655	0
rds_donor_inventory_v1	oligodendrocytes	data/processed/Oligodendrocytes.rds	21189544	457	1	754990	412	2	545.702592087312	2.64904170916171
rds_donor_inventory_v1	oligodendrocytes	data/processed/Oligodendrocytes.rds	21191200	2813	1	11411048	13828	4	1211.80806530653	0.35053747911673
rds_donor_inventory_v1	oligodendrocytes	data/processed/Oligodendrocytes.rds	21193068	463	1	2052835	2287	0	1114.06908007706	0
rds_donor_inventory_v1	oligodendrocytes	data/processed/Oligodendrocytes.rds	21272396	1340	1	3103597	3996	0	1287.53829830355	0
rds_donor_inventory_v1	oligodendrocytes	data/processed/Oligodendrocytes.rds	21362537	3203	1	20631842	0	8552	0	414.504919143914
rds_donor_inventory_v1	oligodendrocytes	data/processed/Oligodendrocytes.rds	21401399	984	1	3375159	4262	0	1262.75532500839	0
rds_donor_inventory_v1	oligodendrocytes	data/processed/Oligodendrocytes.rds	21402016	2886	1	13634188	17314	3	1269.89594099773	0.220035105867691
rds_donor_inventory_v1	oligodendrocytes	data/processed/Oligodendrocytes.rds	21406920	2574	1	8161092	8895	3	1089.92767144397	0.367597865579753
rds_donor_inventory_v1	oligodendrocytes	data/processed/Oligodendrocytes.rds	21411323	2358	1	12402159	23701	5	1911.0382313273	0.403155611857581
rds_donor_inventory_v1	oligodendrocytes	data/processed/Oligodendrocytes.rds	21412626	537	1	781728	617	0	789.277088706046	0
rds_donor_inventory_v1	oligodendrocytes	data/processed/Oligodendrocytes.rds	22776575	2443	1	9228387	12557	1	1360.69282746812	0.108361298675489
rds_donor_inventory_v1	oligodendrocytes	data/processed/Oligodendrocytes.rds	22789958	2863	1	14359314	0	5863	0	408.306413523654
rds_donor_inventory_v1	oligodendrocytes	data/processed/Oligodendrocytes.rds	22868024	1946	1	6281205	2	1823	0.318410241347003	290.230934987793
rds_donor_inventory_v1	oligodendrocytes	data/processed/Oligodendrocytes.rds	23004922	3568	1	19461392	35	8412	1.7984325067806	432.240407058241
rds_donor_inventory_v1	oligodendrocytes	data/processed/Oligodendrocytes.rds	23690880	508	1	2020872	2913	3	1441.45695521537	1.48450767787371
rds_donor_inventory_v1	oligodendrocytes	data/processed/Oligodendrocytes.rds	24039289	624	1	2273285	1	520	0.43989205049081	228.743866255221
rds_donor_inventory_v1	oligodendrocytes	data/processed/Oligodendrocytes.rds	24680888	1904	1	5664657	5	2380	0.882665976068807	420.149004608752
rds_donor_inventory_v1	oligodendrocytes	data/processed/Oligodendrocytes.rds	24747976	1007	1	4470368	5703	1	1275.73389931209	0.223695230459774
rds_donor_inventory_v1	oligodendrocytes	data/processed/Oligodendrocytes.rds	26631069	818	1	3991022	4126	4	1033.82040991004	1.00224954911298
rds_donor_inventory_v1	oligodendrocytes	data/processed/Oligodendrocytes.rds	29933130	726	1	675160	426	1	630.961549854849	1.4811303987203
rds_donor_inventory_v1	oligodendrocytes	data/processed/Oligodendrocytes.rds	31509843	9535	1	27874560	7	13267	0.251125040180006	475.953701152592
rds_donor_inventory_v1	oligodendrocytes	data/processed/Oligodendrocytes.rds	31726180	1830	1	8911434	11746	13	1318.08191588469	1.458800009067
rds_donor_inventory_v1	oligodendrocytes	data/processed/Oligodendrocytes.rds	31908032	927	1	5861924	8045	4	1372.41629198877	0.682369815780621
rds_donor_inventory_v1	oligodendrocytes	data/processed/Oligodendrocytes.rds	32383679	2092	1	5512586	7327	1	1329.14026193877	0.181403065639248
rds_donor_inventory_v1	oligodendrocytes	data/processed/Oligodendrocytes.rds	32705437	826	1	4499827	5	1903	1.11115382880275	422.905147242327
rds_donor_inventory_v1	oligodendrocytes	data/processed/Oligodendrocytes.rds	33411712	731	1	4056267	1	1639	0.246532094657477	404.066103143605
rds_donor_inventory_v1	oligodendrocytes	data/processed/Oligodendrocytes.rds	33501827	2879	1	11960410	21	5109	1.75579265259301	427.1592696237
rds_donor_inventory_v1	oligodendrocytes	data/processed/Oligodendrocytes.rds	34726040	778	1	544896	1	135	1.83521259102654	247.753699788584
rds_donor_inventory_v1	oligodendrocytes	data/processed/Oligodendrocytes.rds	34779151	1198	1	1365085	0	311	0	227.824640956424
rds_donor_inventory_v1	oligodendrocytes	data/processed/Oligodendrocytes.rds	34962204	1529	1	3450239	0	1294	0	375.046482287169
rds_donor_inventory_v1	oligodendrocytes	data/processed/Oligodendrocytes.rds	35941263	4013	1	22404319	27688	12	1235.83314449326	0.5356110132158
rds_donor_inventory_v1	oligodendrocytes	data/processed/Oligodendrocytes.rds	36492755	2821	1	16594545	25618	5	1543.7603140068	0.301303832072527
rds_donor_inventory_v1	oligodendrocytes	data/processed/Oligodendrocytes.rds	36830117	889	1	3882846	0	1182	0	304.415884637197
rds_donor_inventory_v1	oligodendrocytes	data/processed/Oligodendrocytes.rds	37030589	1476	1	3009854	3672	2	1219.99273054441	0.664484058030722
rds_donor_inventory_v1	oligodendrocytes	data/processed/Oligodendrocytes.rds	37065652	1307	1	4490774	4325	0	963.085650714109	0
rds_donor_inventory_v1	oligodendrocytes	data/processed/Oligodendrocytes.rds	37178462	2217	1	4521782	0	1737	0	384.140588820956
rds_donor_inventory_v1	oligodendrocytes	data/processed/Oligodendrocytes.rds	37436329	3600	1	8569618	1	3471	0.116691315762266	405.035557010826
rds_donor_inventory_v1	oligodendrocytes	data/processed/Oligodendrocytes.rds	37527863	688	1	2886429	14	899	4.85028386286307	311.457513765279
rds_donor_inventory_v1	oligodendrocytes	data/processed/Oligodendrocytes.rds	39484737	2314	1	12291678	12	5050	0.97627028628638	410.847078812185
rds_donor_inventory_v1	oligodendrocytes	data/processed/Oligodendrocytes.rds	39989287	1410	1	7390214	4	2517	0.541256315446346	340.585536494613
rds_donor_inventory_v1	oligodendrocytes	data/processed/Oligodendrocytes.rds	41285665	2538	1	10300626	19652	5	1907.84521251427	0.485407391744929
rds_donor_inventory_v1	oligodendrocytes	data/processed/Oligodendrocytes.rds	41773404	3205	1	13834673	16573	8	1197.93218097746	0.578257252628956
rds_donor_inventory_v1	oligodendrocytes	data/processed/Oligodendrocytes.rds	43074402	2035	1	6387026	0	1783	0	279.159658971171
rds_donor_inventory_v1	oligodendrocytes	data/processed/Oligodendrocytes.rds	43485807	1241	1	4787093	0	1682	0	351.361463000614
rds_donor_inventory_v1	oligodendrocytes	data/processed/Oligodendrocytes.rds	44019405	1364	1	8168731	1	2873	0.122418035310503	351.707015447075
rds_donor_inventory_v1	oligodendrocytes	data/processed/Oligodendrocytes.rds	44299049	396	1	1394794	0	398	0	285.346796731274
rds_donor_inventory_v1	oligodendrocytes	data/processed/Oligodendrocytes.rds	44671043	549	1	2680566	16	1064	5.96888866008149	396.931095895419
rds_donor_inventory_v1	oligodendrocytes	data/processed/Oligodendrocytes.rds	45115248	1392	1	2419252	3301	0	1364.47133246144	0
rds_donor_inventory_v1	oligodendrocytes	data/processed/Oligodendrocytes.rds	45566083	665	1	2445984	3	804	1.22650025511205	328.70206837003
rds_donor_inventory_v1	oligodendrocytes	data/processed/Oligodendrocytes.rds	46000440	800	1	3707641	0	1187	0	320.149658502536
rds_donor_inventory_v1	oligodendrocytes	data/processed/Oligodendrocytes.rds	46246604	1759	1	11214092	11918	2	1062.76995052297	0.178347029790731
rds_donor_inventory_v1	oligodendrocytes	data/processed/Oligodendrocytes.rds	46251007	1737	1	2754905	3804	2	1380.80986458698	0.725977846786005
rds_donor_inventory_v1	oligodendrocytes	data/processed/Oligodendrocytes.rds	48023497	695	1	577872	568	0	982.916632056926	0
rds_donor_inventory_v1	oligodendrocytes	data/processed/Oligodendrocytes.rds	50100806	1365	1	6179352	9958	1	1611.49583322005	0.161829266240214
rds_donor_inventory_v1	oligodendrocytes	data/processed/Oligodendrocytes.rds	50100932	645	1	3217395	2998	5	931.809740488812	1.55405226899402
rds_donor_inventory_v1	oligodendrocytes	data/processed/Oligodendrocytes.rds	50101523	104	1	726386	0	213	0	293.232523754588
rds_donor_inventory_v1	oligodendrocytes	data/processed/Oligodendrocytes.rds	50101659	1449	1	5886187	0	1918	0	325.847615782509
rds_donor_inventory_v1	oligodendrocytes	data/processed/Oligodendrocytes.rds	50101785	105	1	509139	0	186	0	365.322632915569
rds_donor_inventory_v1	oligodendrocytes	data/processed/Oligodendrocytes.rds	50102088	3226	1	12544789	12695	0	1011.9739758078	0
rds_donor_inventory_v1	oligodendrocytes	data/processed/Oligodendrocytes.rds	50102114	274	1	209778	0	42	0	200.211652318165
rds_donor_inventory_v1	oligodendrocytes	data/processed/Oligodendrocytes.rds	50102376	10	1	8177	0	1	0	122.294239941299
rds_donor_inventory_v1	oligodendrocytes	data/processed/Oligodendrocytes.rds	50103129	121	1	776920	430	1	553.467538485301	1.28713381043093
rds_donor_inventory_v1	oligodendrocytes	data/processed/Oligodendrocytes.rds	50104008	1791	1	5837406	8639	1	1479.93817801948	0.171308968401376
rds_donor_inventory_v1	oligodendrocytes	data/processed/Oligodendrocytes.rds	50104134	391	1	1064444	0	348	0	326.931242977554
rds_donor_inventory_v1	oligodendrocytes	data/processed/Oligodendrocytes.rds	50105301	3376	1	12603074	2	5215	0.158691443055877	413.787937768198
rds_donor_inventory_v1	oligodendrocytes	data/processed/Oligodendrocytes.rds	50105699	2684	1	16338915	25377	15	1553.16310783182	0.918053616167291
rds_donor_inventory_v1	oligodendrocytes	data/processed/Oligodendrocytes.rds	50105725	28	1	126898	0	24	0	189.128276253369
rds_donor_inventory_v1	oligodendrocytes	data/processed/Oligodendrocytes.rds	50106280	695	1	2387770	3094	0	1295.76969306089	0
rds_donor_inventory_v1	oligodendrocytes	data/processed/Oligodendrocytes.rds	50106442	1267	1	4667699	5985	1	1282.2163554248	0.214238321708405
rds_donor_inventory_v1	oligodendrocytes	data/processed/Oligodendrocytes.rds	50106730	593	1	2500963	0	999	0	399.446133349434
rds_donor_inventory_v1	oligodendrocytes	data/processed/Oligodendrocytes.rds	50107583	48	1	216534	0	52	0	240.147043882254
rds_donor_inventory_v1	oligodendrocytes	data/processed/Oligodendrocytes.rds	50107619	1602	1	3006377	4160	0	1383.72532786141	0
rds_donor_inventory_v1	oligodendrocytes	data/processed/Oligodendrocytes.rds	50107745	1953	1	9176661	0	3158	0	344.133884862915
rds_donor_inventory_v1	oligodendrocytes	data/processed/Oligodendrocytes.rds	50107907	3116	1	15334296	20476	19	1335.30747026143	1.23905264382532
rds_donor_inventory_v1	oligodendrocytes	data/processed/Oligodendrocytes.rds	50108912	687	1	3119499	8	1310	2.56451436592863	419.939227420813
rds_donor_inventory_v1	oligodendrocytes	data/processed/Oligodendrocytes.rds	50109477	872	1	4473010	3	1271	0.670689312118685	284.148705234283
rds_donor_inventory_v1	oligodendrocytes	data/processed/Oligodendrocytes.rds	50109639	2650	1	7160241	7597	1	1060.99780719671	0.139660103619417
rds_donor_inventory_v1	oligodendrocytes	data/processed/Oligodendrocytes.rds	50109927	1508	1	7267733	0	2685	0	369.441199889979
rds_donor_inventory_v1	oligodendrocytes	data/processed/Oligodendrocytes.rds	50197261	997	1	3928536	4608	2	1172.95603247622	0.509095500206693
rds_donor_inventory_v1	oligodendrocytes	data/processed/Oligodendrocytes.rds	50300084	3510	1	10334255	11215	1	1085.22578550655	0.0967655626844896
rds_donor_inventory_v1	oligodendrocytes	data/processed/Oligodendrocytes.rds	50300408	2569	1	9890897	13602	3	1375.20388696799	0.3033091943026
rds_donor_inventory_v1	oligodendrocytes	data/processed/Oligodendrocytes.rds	50300822	3230	1	13080012	15756	1	1204.58605083849	0.0764525292484441
rds_donor_inventory_v1	oligodendrocytes	data/processed/Oligodendrocytes.rds	50301099	2649	1	11707370	2	5596	0.170832561027797	477.989505755776
rds_donor_inventory_v1	oligodendrocytes	data/processed/Oligodendrocytes.rds	50301125	2866	1	11699978	15683	4	1340.42987089377	0.341880984733476
rds_donor_inventory_v1	oligodendrocytes	data/processed/Oligodendrocytes.rds	50301387	759	1	4227348	6655	6	1574.27304305205	1.41932956548645
rds_donor_inventory_v1	oligodendrocytes	data/processed/Oligodendrocytes.rds	50301675	4181	1	23985681	32327	11	1347.76244210035	0.458606949704701
rds_donor_inventory_v1	oligodendrocytes	data/processed/Oligodendrocytes.rds	50301963	2542	1	7973187	8	3093	1.00336289616687	387.925179730514
rds_donor_inventory_v1	oligodendrocytes	data/processed/Oligodendrocytes.rds	50302004	919	1	2630478	2967	1	1127.93188158198	0.380159043337371
rds_donor_inventory_v1	oligodendrocytes	data/processed/Oligodendrocytes.rds	50302266	1382	1	5108391	13	1596	2.54483260971997	312.427141931775
rds_donor_inventory_v1	oligodendrocytes	data/processed/Oligodendrocytes.rds	50302554	3083	1	15150781	7	5261	0.462022386832732	347.242825303857
rds_donor_inventory_v1	oligodendrocytes	data/processed/Oligodendrocytes.rds	50400259	1926	1	10982197	1	5487	0.0910564616533468	499.626805091914
rds_donor_inventory_v1	oligodendrocytes	data/processed/Oligodendrocytes.rds	50400385	1148	1	5992549	8021	1	1338.49552168868	0.166873896233473
rds_donor_inventory_v1	oligodendrocytes	data/processed/Oligodendrocytes.rds	50400709	2506	1	6390720	7279	2	1138.9952931751	0.312953782985329
rds_donor_inventory_v1	oligodendrocytes	data/processed/Oligodendrocytes.rds	50400835	619	1	566134	0	130	0	229.627614663666
rds_donor_inventory_v1	oligodendrocytes	data/processed/Oligodendrocytes.rds	50401002	1510	1	7102766	8619	4	1213.47092104681	0.563160886899554
rds_donor_inventory_v1	oligodendrocytes	data/processed/Oligodendrocytes.rds	50402567	557	1	2107745	2032	13	964.063489653635	6.16772901845337
rds_donor_inventory_v1	oligodendrocytes	data/processed/Oligodendrocytes.rds	50402693	447	1	2396203	0	884	0	368.916990755792
rds_donor_inventory_v1	oligodendrocytes	data/processed/Oligodendrocytes.rds	50402729	2699	1	18404581	26164	10	1421.60258905106	0.543342986183712
rds_donor_inventory_v1	oligodendrocytes	data/processed/Oligodendrocytes.rds	50403446	5116	1	14354885	23103	4	1609.41728199146	0.278650786822744
rds_donor_inventory_v1	oligodendrocytes	data/processed/Oligodendrocytes.rds	50404299	1470	1	4187925	6034	1	1440.80899252016	0.238781735585045
rds_donor_inventory_v1	oligodendrocytes	data/processed/Oligodendrocytes.rds	50405042	319	1	669083	0	202	0	301.905742635816
rds_donor_inventory_v1	oligodendrocytes	data/processed/Oligodendrocytes.rds	50405330	420	1	1640066	1	594	0.609731559583578	362.180546392645
rds_donor_inventory_v1	oligodendrocytes	data/processed/Oligodendrocytes.rds	50406057	2152	1	12887903	22	4966	1.70702712458342	385.322577303693
rds_donor_inventory_v1	oligodendrocytes	data/processed/Oligodendrocytes.rds	50410319	2690	1	7645707	7	2387	0.915546462871256	312.201343839098
rds_donor_inventory_v1	oligodendrocytes	data/processed/Oligodendrocytes.rds	50500136	742	1	2987496	3730	1	1248.53723653521	0.334728481644829
rds_donor_inventory_v1	oligodendrocytes	data/processed/Oligodendrocytes.rds	50500550	1561	1	8507207	9627	4	1131.62874724924	0.4701895698553
rds_donor_inventory_v1	oligodendrocytes	data/processed/Oligodendrocytes.rds	51520126	1686	1	6247295	5	2648	0.800346389917556	423.863448100338
rds_donor_inventory_v1	oligodendrocytes	data/processed/Oligodendrocytes.rds	51624179	1177	1	7456182	9575	7	1284.16929736962	0.938818285283272
rds_donor_inventory_v1	oligodendrocytes	data/processed/Oligodendrocytes.rds	51815338	84	1	88807	0	29	0	326.550834956704
rds_donor_inventory_v1	oligodendrocytes	data/processed/Oligodendrocytes.rds	51826377	2074	1	2795890	4902	0	1753.28786182575	0
rds_donor_inventory_v1	oligodendrocytes	data/processed/Oligodendrocytes.rds	52311825	58	1	394204	0	166	0	421.101764568599
rds_donor_inventory_v1	oligodendrocytes	data/processed/Oligodendrocytes.rds	52764842	3128	1	7130167	9075	7	1272.76121302629	0.981744186356364
rds_donor_inventory_v1	oligodendrocytes	data/processed/Oligodendrocytes.rds	52940446	1716	1	11396992	11597	4	1017.54919192713	0.350969799750671
rds_donor_inventory_v1	oligodendrocytes	data/processed/Oligodendrocytes.rds	53772202	1288	1	7069067	9104	4	1287.86443812175	0.565845535202878
rds_donor_inventory_v1	oligodendrocytes	data/processed/Oligodendrocytes.rds	54324848	1469	1	4766832	4963	2	1041.15269847983	0.419565866806298
rds_donor_inventory_v1	oligodendrocytes	data/processed/Oligodendrocytes.rds	57978756	1100	1	5099995	4601	6	902.157747213478	1.17647174163896
rds_donor_inventory_v1	oligodendrocytes	data/processed/Oligodendrocytes.rds	60725338	1355	1	6335921	8343	1	1316.77778179368	0.157830250724401
rds_donor_inventory_v1	oligodendrocytes	data/processed/Oligodendrocytes.rds	60747316	2281	1	7247623	8646	2	1192.9428448472	0.275952543337312
rds_donor_inventory_v1	oligodendrocytes	data/processed/Oligodendrocytes.rds	60848460	1370	1	5938310	7467	2	1257.42846028584	0.336796159176601
rds_donor_inventory_v1	oligodendrocytes	data/processed/Oligodendrocytes.rds	61029627	829	1	4670451	5857	1	1254.0544799635	0.21411208467876
rds_donor_inventory_v1	oligodendrocytes	data/processed/Oligodendrocytes.rds	61142759	537	1	3477419	4529	2	1302.40273030084	0.575139205255392
rds_donor_inventory_v1	oligodendrocytes	data/processed/Oligodendrocytes.rds	61344957	2538	1	11697080	19657	6	1680.50487814053	0.512948530744425
rds_donor_inventory_v1	oligodendrocytes	data/processed/Oligodendrocytes.rds	61827429	1291	1	4242184	5946	3	1401.63651553068	0.707182903900444
rds_donor_inventory_v1	oligodendrocytes	data/processed/Oligodendrocytes.rds	62404688	959	1	2677176	0	947	0	353.730946340472
rds_donor_inventory_v1	oligodendrocytes	data/processed/Oligodendrocytes.rds	62483327	1644	1	6421450	0	2166	0	337.306994526158
rds_donor_inventory_v1	oligodendrocytes	data/processed/Oligodendrocytes.rds	63188799	1072	1	4043278	4879	0	1206.6941724017	0
rds_donor_inventory_v1	oligodendrocytes	data/processed/Oligodendrocytes.rds	64291829	961	1	4111415	0	1700	0	413.48294930091
rds_donor_inventory_v1	oligodendrocytes	data/processed/Oligodendrocytes.rds	64493027	2306	1	14052962	14639	3	1041.70209810572	0.21347812653304
rds_donor_inventory_v1	oligodendrocytes	data/processed/Oligodendrocytes.rds	65001607	661	1	2823193	3156	0	1117.88319112438	0
rds_donor_inventory_v1	oligodendrocytes	data/processed/Oligodendrocytes.rds	65292866	627	1	2792637	0	823	0	294.703536478246
rds_donor_inventory_v1	oligodendrocytes	data/processed/Oligodendrocytes.rds	65652206	489	1	2227872	0	777	0	348.763304175464
rds_donor_inventory_v1	oligodendrocytes	data/processed/Oligodendrocytes.rds	65736039	720	1	3087798	0	1064	0	344.582126162398
rds_donor_inventory_v1	oligodendrocytes	data/processed/Oligodendrocytes.rds	66406040	1001	1	5384979	26	1957	4.82824538405814	363.418316023145
rds_donor_inventory_v1	oligodendrocytes	data/processed/Oligodendrocytes.rds	66754397	3229	1	20968347	1	9755	0.0476909314787665	465.225036575368
rds_donor_inventory_v1	oligodendrocytes	data/processed/Oligodendrocytes.rds	66924745	938	1	2942393	3713	1	1261.89805372702	0.339859427343662
rds_donor_inventory_v1	oligodendrocytes	data/processed/Oligodendrocytes.rds	67185070	3956	1	17012519	24571	10	1444.28934950785	0.587802429493246
rds_donor_inventory_v1	oligodendrocytes	data/processed/Oligodendrocytes.rds	67429065	1319	1	3194223	2	1037	0.626130360967284	324.648592161537
rds_donor_inventory_v1	oligodendrocytes	data/processed/Oligodendrocytes.rds	68015667	3378	1	12134239	4	3660	0.329645723971647	301.625837434057
rds_donor_inventory_v1	oligodendrocytes	data/processed/Oligodendrocytes.rds	68525196	1612	1	7832004	2	4112	0.255362484493113	525.025268117841
rds_donor_inventory_v1	oligodendrocytes	data/processed/Oligodendrocytes.rds	68539908	2055	1	6408542	1	2427	0.156041733049421	378.713286110944
rds_donor_inventory_v1	oligodendrocytes	data/processed/Oligodendrocytes.rds	68745332	626	1	2858194	0	1082	0	378.56072750835
rds_donor_inventory_v1	oligodendrocytes	data/processed/Oligodendrocytes.rds	69982533	1616	1	9044688	8413	9	930.159227161844	0.995059199388636
rds_donor_inventory_v1	oligodendrocytes	data/processed/Oligodendrocytes.rds	70153803	2844	1	13260214	19784	3	1491.98195443905	0.226240692646438
rds_donor_inventory_v1	oligodendrocytes	data/processed/Oligodendrocytes.rds	70421820	588	1	3074859	3570	1	1161.02884717641	0.325218164475184
rds_donor_inventory_v1	oligodendrocytes	data/processed/Oligodendrocytes.rds	70625336	1898	1	10176036	9740	12	957.150701903963	1.17924111117531
rds_donor_inventory_v1	oligodendrocytes	data/processed/Oligodendrocytes.rds	70816595	3609	1	11775882	1	4523	0.0849193291848543	384.090125903096
rds_donor_inventory_v1	oligodendrocytes	data/processed/Oligodendrocytes.rds	70883578	1478	1	3127976	1	1302	0.31969554753617	416.243602892094
rds_donor_inventory_v1	oligodendrocytes	data/processed/Oligodendrocytes.rds	70917649	753	1	2667274	3439	1	1289.33135478395	0.374914613196844
rds_donor_inventory_v1	oligodendrocytes	data/processed/Oligodendrocytes.rds	71626373	2329	1	8774969	0	2959	0	337.209168488231
rds_donor_inventory_v1	oligodendrocytes	data/processed/Oligodendrocytes.rds	72650337	2013	1	7636510	11410	4	1494.13802902111	0.523799484319408
rds_donor_inventory_v1	oligodendrocytes	data/processed/Oligodendrocytes.rds	72777797	3976	1	5342605	2	1842	0.37434921728258	344.775629117256
rds_donor_inventory_v1	oligodendrocytes	data/processed/Oligodendrocytes.rds	74284255	1324	1	5821387	0	1909	0	327.928722141304
rds_donor_inventory_v1	oligodendrocytes	data/processed/Oligodendrocytes.rds	74753465	1549	1	8169334	9893	3	1210.99223021118	0.367226997941325
rds_donor_inventory_v1	oligodendrocytes	data/processed/Oligodendrocytes.rds	75169847	155	1	1237139	1593	1	1287.64835640943	0.808316607915521
rds_donor_inventory_v1	oligodendrocytes	data/processed/Oligodendrocytes.rds	75990666	771	1	4353663	8	1788	1.83753313014811	410.688654588102
rds_donor_inventory_v1	oligodendrocytes	data/processed/Oligodendrocytes.rds	76647134	326	1	515047	228	0	442.67804685786	0
rds_donor_inventory_v1	oligodendrocytes	data/processed/Oligodendrocytes.rds	76733461	3234	1	13138232	14401	1	1096.11399768249	0.0761137419403159
rds_donor_inventory_v1	oligodendrocytes	data/processed/Oligodendrocytes.rds	76867532	1701	1	8836569	8491	4	960.893305987878	0.452664376863916
rds_donor_inventory_v1	oligodendrocytes	data/processed/Oligodendrocytes.rds	77143621	2401	1	9311792	4	3527	0.429562859651504	378.767051497714
rds_donor_inventory_v1	oligodendrocytes	data/processed/Oligodendrocytes.rds	77239958	2293	1	9099693	3	3642	0.32968145189074	400.233282595358
rds_donor_inventory_v1	oligodendrocytes	data/processed/Oligodendrocytes.rds	77891596	1918	1	7213879	1	3685	0.138621676354705	510.820877367086
rds_donor_inventory_v1	oligodendrocytes	data/processed/Oligodendrocytes.rds	78353027	2036	1	7461190	0	2895	0	388.007811086435
rds_donor_inventory_v1	oligodendrocytes	data/processed/Oligodendrocytes.rds	78452313	782	1	865031	0	256	0	295.943151170305
rds_donor_inventory_v1	oligodendrocytes	data/processed/Oligodendrocytes.rds	80790863	3260	1	21755400	30217	9	1388.94251542146	0.413690394109049
rds_donor_inventory_v1	oligodendrocytes	data/processed/Oligodendrocytes.rds	81086436	2211	1	8084315	7946	2	982.890943759613	0.247392636234486
rds_donor_inventory_v1	oligodendrocytes	data/processed/Oligodendrocytes.rds	82317494	510	1	1327882	0	463	0	348.675560027171
rds_donor_inventory_v1	oligodendrocytes	data/processed/Oligodendrocytes.rds	82684406	2369	1	9861018	10446	5	1059.32267844963	0.507047041187837
rds_donor_inventory_v1	oligodendrocytes	data/processed/Oligodendrocytes.rds	83034844	2018	1	6279095	10428	0	1660.74888180542	0
rds_donor_inventory_v1	oligodendrocytes	data/processed/Oligodendrocytes.rds	83173570	800	1	4647980	4321	0	929.651160288986	0
rds_donor_inventory_v1	oligodendrocytes	data/processed/Oligodendrocytes.rds	83984043	508	1	2191099	1	758	0.456391974986069	345.94511703944
rds_donor_inventory_v1	oligodendrocytes	data/processed/Oligodendrocytes.rds	84417209	1898	1	10629233	16307	5	1534.16525914899	0.4704008276044
rds_donor_inventory_v1	oligodendrocytes	data/processed/Oligodendrocytes.rds	84642424	1159	1	5473289	4535	2	828.569439691564	0.365410998761439
rds_donor_inventory_v1	oligodendrocytes	data/processed/Oligodendrocytes.rds	85065193	649	1	2953606	3077	1	1041.77740700689	0.338569193047414
rds_donor_inventory_v1	oligodendrocytes	data/processed/Oligodendrocytes.rds	85171938	2378	1	10292168	10866	1	1055.75423953437	0.0971612589300913
rds_donor_inventory_v1	oligodendrocytes	data/processed/Oligodendrocytes.rds	86408244	771	1	4048661	0	1543	0	381.113657083169
rds_donor_inventory_v1	oligodendrocytes	data/processed/Oligodendrocytes.rds	86934089	1491	1	4189697	5775	1	1378.38130060479	0.238680744693471
rds_donor_inventory_v1	oligodendrocytes	data/processed/Oligodendrocytes.rds	87410220	1806	1	8093212	12020	5	1485.1952475729	0.617801683682572
rds_donor_inventory_v1	oligodendrocytes	data/processed/Oligodendrocytes.rds	87645445	1418	1	9260580	9607	3	1037.40802411944	0.323953791231219
rds_donor_inventory_v1	oligodendrocytes	data/processed/Oligodendrocytes.rds	87779516	2979	1	12607420	19548	0	1550.51549008441	0
rds_donor_inventory_v1	oligodendrocytes	data/processed/Oligodendrocytes.rds	89001223	919	1	6365727	0	2610	0	410.008157748518
rds_donor_inventory_v1	oligodendrocytes	data/processed/Oligodendrocytes.rds	89164957	760	1	3048979	3340	11	1095.44867314599	3.60776509119938
rds_donor_inventory_v1	oligodendrocytes	data/processed/Oligodendrocytes.rds	89546375	1619	1	7402481	2	3092	0.27017968705357	417.69779618482
rds_donor_inventory_v1	oligodendrocytes	data/processed/Oligodendrocytes.rds	89903942	2862	1	13985090	2	5759	0.143009447919177	411.79570528327
rds_donor_inventory_v1	oligodendrocytes	data/processed/Oligodendrocytes.rds	90267190	867	1	4109693	0	1539	0	374.480526890938
rds_donor_inventory_v1	oligodendrocytes	data/processed/Oligodendrocytes.rds	90780976	1493	1	3297711	3924	5	1189.91627829121	1.51620320883182
rds_donor_inventory_v1	oligodendrocytes	data/processed/Oligodendrocytes.rds	90942860	1637	1	8364596	1	3506	0.119551500156134	419.147559547407
rds_donor_inventory_v1	oligodendrocytes	data/processed/Oligodendrocytes.rds	91018909	1449	1	2636871	1	1097	0.379237361251271	416.023385292644
rds_donor_inventory_v1	oligodendrocytes	data/processed/Oligodendrocytes.rds	91444029	1610	1	3992615	4	1801	1.0018496649439	451.082811640992
rds_donor_inventory_v1	oligodendrocytes	data/processed/Oligodendrocytes.rds	91707643	625	1	3246852	0	1187	0	365.584880370279
rds_donor_inventory_v1	oligodendrocytes	data/processed/Oligodendrocytes.rds	92393245	1893	1	8586923	13161	1	1532.67940099148	0.116456150823758
rds_donor_inventory_v1	oligodendrocytes	data/processed/Oligodendrocytes.rds	92629514	520	1	545321	0	135	0	247.560611089615
rds_donor_inventory_v1	oligodendrocytes	data/processed/Oligodendrocytes.rds	93815598	4093	1	16726009	20874	4	1247.99645868898	0.239148502192005
rds_donor_inventory_v1	oligodendrocytes	data/processed/Oligodendrocytes.rds	94092977	1645	1	6317408	0	2760	0	436.888040158242
rds_donor_inventory_v1	oligodendrocytes	data/processed/Oligodendrocytes.rds	94144536	1575	1	4343529	7901	7	1819.02779974532	1.61159278549769
rds_donor_inventory_v1	oligodendrocytes	data/processed/Oligodendrocytes.rds	94430339	1209	1	3332315	4887	1	1466.54803042329	0.300091678007631
rds_donor_inventory_v1	oligodendrocytes	data/processed/Oligodendrocytes.rds	94974890	304	1	399776	255	0	637.857200032018	0
rds_donor_inventory_v1	oligodendrocytes	data/processed/Oligodendrocytes.rds	95491648	3338	1	14429130	0	5607	0	388.588917003312
rds_donor_inventory_v1	oligodendrocytes	data/processed/Oligodendrocytes.rds	95919181	57	1	35273	0	6	0	170.101777563576
rds_donor_inventory_v1	oligodendrocytes	data/processed/Oligodendrocytes.rds	96095092	245	1	200300	244	1	1218.17274088867	4.99251123315027
rds_donor_inventory_v1	oligodendrocytes	data/processed/Oligodendrocytes.rds	98953007	478	1	370857	332	0	895.223765494517	0
